<?xml version="1.0" encoding="UTF-8"?>
<beans xmlns="http://www.springframework.org/schema/beans"
	xmlns:xsi="http://www.w3.org/2001/XMLSchema-instance"
	xsi:schemaLocation="http://www.springframework.org/schema/beans http://www.springframework.org/schema/beans/spring-beans.xsd">

	<bean id="emp" class="bean.Employee">
	<property name="employee_id" value="10"></property>
	<property name="employee_name" value="root"></property>
	<property name="employee_salary" value="24242"></property>
	<property name="employee_bu" value="developer_bu"></property>
	<property name="employee_age" value="21"></property>
		
	</bean>
</beans>
