<?xml version="1.0" encoding="UTF-8"?>
<beans xmlns="http://www.springframework.org/schema/beans"
	xmlns:xsi="http://www.w3.org/2001/XMLSchema-instance"
	xsi:schemaLocation="http://www.springframework.org/schema/beans http://www.springframework.org/schema/beans/spring-beans.xsd">

	<bean id="sbu1" class="Bean.SBU">
		<property name="sbuId" value="20"></property>
		<property name="sbuName" value="PES-BU"></property>
		<property name="sbuHead" value="Kiran Rao"></property>
		<property name="empList">
			<list>
				<ref bean="employee1" />
				<ref bean="employee2" />
				<ref bean="employee3" />
			</list>
		</property>
	</bean>
	<bean id="employee1" class="Bean.Employee">
		<property name="employeeId" value="12345"></property>
		<property name="employeeName" value="Harriet"></property>
		<property name="salary" value="40000"></property>
	</bean>
	<bean id="employee2" class="Bean.Employee">
		<property name="employeeId" value="12346"></property>
		<property name="employeeName" value="Eagle"></property>
		<property name="salary" value="36000"></property>
	</bean>
	<bean id="employee3" class="Bean.Employee">
		<property name="employeeId" value="12347"></property>
		<property name="employeeName" value="Zampa"></property>
		<property name="salary" value="28000"></property>
	</bean>

</beans>
