<?xml version="1.0" encoding="UTF-8"?>
<beans xmlns="http://www.springframework.org/schema/beans"
	xmlns:xsi="http://www.w3.org/2001/XMLSchema-instance"
	xsi:schemaLocation="http://www.springframework.org/schema/beans http://www.springframework.org/schema/beans/spring-beans.xsd">

	<bean id="sbu1" class="Bean.SBU">
		<property name="sbuId" value="20"></property>
		<property name="sbuName" value="PES-BU"></property>
		<property name="sbuHead" value="Kiran Rao"></property>
	</bean>
	<bean id="employee" class="Bean.Employee">
		<property name="employeeId" value="12345"></property>
		<property name="employeeName" value="Harriet"></property>
		<property name="salary" value="40000"></property>
		<property name="sbu">
			<ref bean="sbu1" />
		</property>
	</bean>
</beans>
