<?xml version="1.0" encoding="UTF-8"?>
<beans xmlns="http://www.springframework.org/schema/beans"
	xmlns:xsi="http://www.w3.org/2001/XMLSchema-instance"
	xsi:schemaLocation="http://www.springframework.org/schema/beans http://www.springframework.org/schema/beans/spring-beans.xsd">

	<bean id="employee1.4" class="Entity.Employee">
		<property name="employeeId" value="100"></property>
		<property name="employeeName" value="Rama"></property>
		<property name="employeeSalary" value="1234567"></property>
	</bean>
</beans>
